PuzzleId,FEN,Moves,Rating,RatingDeviation,Popularity,NbPlays,Themes,GameUrl,OpeningTags,GoodRowThemes,CountGoodRowThemes
maULJ,rn3rk1/pp2ppbp/2pp1np1/q5B1/2PP2b1/2N1PNP1/PP3PBP/R2QK2R w KQ - 1 9,h2h3 g4f3 g2f3 a5g5,1900,77,93,2301,capturingDefender crushing middlegame short Bishop Queen,https://lichess.org/sanDsgn7#Some(16),Kings_Indian_Defense Kings_Indian_Defense_Normal_Variation,"['capturingDefender', 'crushing', 'middlegame', 'Bishop', 'Queen']",5
JrImx,8/5p2/p2B1P2/4Pk2/p1R1b3/P7/6r1/4K3 b - - 3 45,g2a2 c4e4 f5e4 e5e6 f7e6 f6f7,2000,74,95,1216,advancedPawn crushing endgame long sacrifice Rook Pawn,https://lichess.org/Bn74t7KE/black#Some(89),,"['advancedPawn', 'crushing', 'endgame', 'sacrifice', 'Rook', 'Pawn']",6
cfWGh,r1b2rk1/2q2pp1/p2bp2p/1ppp3P/6nB/2PP1B2/PPQN1P2/R3K1R1 b Q - 0 17,g4h2 h4f6 g7g5 h5g6 h2f3 d2f3 f7g6 g1g6,1917,74,96,1033,advantage enPassant kingsideAttack middlegame pin veryLong Bishop Pawn Knight Rook,https://lichess.org/KaCbgqaW/black#Some(33),Sicilian_Defense Sicilian_Defense_Delayed_Alapin,"['advantage', 'enPassant', 'kingsideAttack', 'middlegame', 'pin', 'Bishop', 'Pawn', 'Knight', 'Rook']",9
IE6z0,1r3r1k/1R1R2pp/4p2N/8/p3Q3/b1P4P/1P3qP1/1K6 w - - 2 29,d7g7 f2b2 b7b2 b8b2 b1a1 f8f1 e4e1 f1e1,1956,74,93,6245,mate mateIn4 middlegame sacrifice veryLong xRayAttack Queen Rook,https://lichess.org/vVs7v2hq#Some(56),,"['mateIn4', 'middlegame', 'sacrifice', 'xRayAttack', 'Queen', 'Rook']",6
zcxVr,r1bq1rk1/ppb2ppp/2n1p3/3pPn2/1P1p4/P2B1NN1/2P2PPP/R1BQR1K1 b - - 4 12,f5h4 d3h7 g8h7 f3g5 h7g8 d1h5,1913,74,95,4333,attraction clearance crushing kingsideAttack long opening sacrifice Bishop Knight Queen,https://lichess.org/B6JrJmQb/black#Some(23),French_Defense French_Defense_Advance_Variation,"['attraction', 'clearance', 'crushing', 'kingsideAttack', 'opening', 'sacrifice', 'Bishop', 'Knight', 'Queen']",9
zkkh7,8/1pp5/2Pp4/1P1P4/3k4/8/5K2/8 b - - 0 49,b7c6 b5b6 c7b6 d5c6,1970,75,92,2291,crushing endgame intermezzo pawnEndgame short Pawn,https://lichess.org/IvSljRvE/black#Some(97),,"['crushing', 'endgame', 'intermezzo', 'Pawn']",4
eAZBU,r5k1/1pp3q1/3p2BQ/1p1P2p1/3r4/8/PP4PP/5RK1 b - - 3 29,a8f8 g6h7 g8h8 f1f8 g7f8 h6f8,1894,75,94,2628,crushing deflection endgame exposedKing long xRayAttack Bishop Rook Queen,https://lichess.org/2a7Q2zFI/black#Some(57),,"['crushing', 'deflection', 'endgame', 'exposedKing', 'xRayAttack', 'Bishop', 'Rook', 'Queen']",8
6dBSJ,r2qk2r/pb1n1pbp/1p4p1/2p1P3/3N2n1/2NB4/P1P2PPP/R1BQR1K1 w kq - 1 13,d4b5 d8h4 b5d6 e8f8,1949,75,94,1070,crushing defensiveMove middlegame short Queen King,https://lichess.org/BQwjj4z7#Some(24),Pirc_Defense Pirc_Defense_Classical_Variation,"['crushing', 'defensiveMove', 'middlegame', 'Queen', 'King']",5
DwO3A,r4rk1/1b2b1pp/p4P2/1pp5/8/2NRB3/PPP3PP/5RK1 b - - 0 18,f8f6 d3d7 f6e6 d7b7 e6e3 c3d5,1886,75,97,2218,crushing fork long middlegame Rook Knight,https://lichess.org/35fZxNWD/black#Some(35),Scotch_Game Scotch_Game_Other_variations,"['crushing', 'fork', 'middlegame', 'Rook', 'Knight']",5
9H5yV,2r2k2/1b3pQp/1q1rp1p1/pp2B3/4P3/P7/5PPP/4R1K1 b - - 3 31,f8e7 e5f6 e7d7 g7f7 d7c6 e1c1 b6c5 c1c5,1954,75,95,8161,advantage deflection middlegame veryLong Bishop Queen Rook,https://lichess.org/dwlYMLPe/black#Some(61),,"['advantage', 'deflection', 'middlegame', 'Bishop', 'Queen', 'Rook']",6
9WxcJ,r1bb1rk1/pppp1p2/6n1/3NP3/2BP2R1/7Q/PPPq2PP/R5K1 b - - 0 19,d7d6 g4g6 f7g6 d5f6 g8g7 h3h7,1888,75,88,1011,doubleCheck kingsideAttack long mate mateIn3 middlegame sacrifice Rook Knight Queen,https://lichess.org/IusDPpvK/black#Some(37),Italian_Game Italian_Game_Hungarian_Defense,"['doubleCheck', 'kingsideAttack', 'mateIn3', 'middlegame', 'sacrifice', 'Rook', 'Knight', 'Queen']",8
Twmmh,2kr2r1/pbpp1p1p/1p1b1q1n/8/4P3/2NBB2Q/PPP2PPP/R4RK1 w - - 11 13,h3h6 g8g2 g1g2 d8g8 h6g5 g8g5,1929,76,94,11581,advantage attraction kingsideAttack long middlegame sacrifice Rook,https://lichess.org/88mPofuw#Some(24),Scotch_Game Scotch_Game_Other_variations,"['advantage', 'attraction', 'kingsideAttack', 'middlegame', 'sacrifice', 'Rook']",6
THI1L,2k4r/1bq3p1/1p1r1p1p/1P2pP2/3pP3/3Q1B1P/2P3P1/R4RK1 b - - 6 29,c7c5 a1a4 c8b8 a4c4 c5b5 c4c8 h8c8 d3b5,1988,75,91,1349,crushing discoveredAttack exposedKing middlegame queensideAttack veryLong Rook Queen,https://lichess.org/yJ4ErIhN/black#Some(57),,"['crushing', 'discoveredAttack', 'exposedKing', 'middlegame', 'queensideAttack', 'Rook', 'Queen']",7
9CRHR,r2q1rk1/pb3p2/1pn1p1BP/4P3/1p1n2Q1/5N2/PP1N1P1P/R4R1K b - - 0 21,c6e5 g6h7 g8h8 g4g7,1908,74,95,7466,doubleCheck kingsideAttack mate mateIn2 middlegame short Bishop Queen,https://lichess.org/I4tziAMc/black#Some(41),,"['doubleCheck', 'kingsideAttack', 'mateIn2', 'middlegame', 'Bishop', 'Queen']",6
Ye1fE,rnb2rk1/1p3pp1/p3p2p/4P3/6Q1/2qB4/P1P3PP/1R3R1K b - - 0 19,f7f5 e5f6 f8f6 f1f6 c3f6 b1f1,1911,76,90,1286,advantage clearance enPassant long middlegame pin Pawn Rook,https://lichess.org/xa1iOfiP/black#Some(37),Sicilian_Defense Sicilian_Defense_Najdorf_Variation,"['advantage', 'clearance', 'enPassant', 'middlegame', 'pin', 'Pawn', 'Rook']",7
5xtfx,3R1k2/1b2rB1p/p4bpN/2q5/p3ppQ1/P1P5/1P4PP/7K b - - 2 29,f8g7 d8g8 g7h6 g8g6 h7g6 g4g6,1934,78,96,10771,long mate mateIn3 middlegame sacrifice Rook Queen,https://lichess.org/JXFYjG9y/black#Some(57),,"['mateIn3', 'middlegame', 'sacrifice', 'Rook', 'Queen']",5
9i8kH,8/4q3/7p/4K1p1/4Q1PP/5Pk1/8/8 w - - 3 49,e5d5 e7e4 f3e4 g5h4 e4e5 h4h3 e5e6 h3h2 e6e7 h2h1q,1897,75,95,6353,advancedPawn crushing endgame promotion queenEndgame veryLong Queen Pawn,https://lichess.org/ntq3tBwb#Some(96),,"['advancedPawn', 'crushing', 'endgame', 'promotion', 'Queen', 'Pawn']",6
g1Z1g,8/2p1r2p/p6k/5p1N/7K/4nP1P/8/6R1 b - - 7 38,c7c5 h5f6 e7g7 f6g8 g7g8 g1g8,1940,75,93,1263,advantage endgame exposedKing long xRayAttack Knight Rook,https://lichess.org/fk3RFynC/black#Some(75),,"['advantage', 'endgame', 'exposedKing', 'xRayAttack', 'Knight', 'Rook']",6
wze0N,r3k3/1p1n1pp1/p1n1p1r1/3p2bB/2PP1P2/PP5P/1B4P1/2R1K2R w Kq - 0 23,h5g6 g5h4 e1e2 f7g6,1897,75,95,5377,advantage intermezzo middlegame short Bishop Pawn,https://lichess.org/sxhvS0wM#Some(44),,"['advantage', 'intermezzo', 'middlegame', 'Bishop', 'Pawn']",5
qRGdG,8/8/1p6/2k5/P3K3/8/8/8 w - - 4 51,e4d3 c5b4 a4a5 b4a5 d3c4 a5a4,1948,74,92,1069,crushing defensiveMove endgame long pawnEndgame King,https://lichess.org/irytH1UX#Some(100),,"['crushing', 'defensiveMove', 'endgame', 'King']",4
cBRfc,r2qk2r/1p2b1pp/p1np1n2/4p3/8/P1NQ1N2/1PP2PPP/R1B1K2R w KQkq - 1 12,c3d5 d8a5 c1d2 a5d5,1957,76,88,1167,crushing opening short Queen,https://lichess.org/gIuDS6BC#Some(22),Sicilian_Defense Sicilian_Defense_Other_variations,"['crushing', 'opening', 'Queen']",3
REKax,4r2k/ppp4P/3p1pQ1/5p2/7N/7P/PPq2P1K/8 b - - 1 32,c2e4 g6f6 h8h7 f6f7 h7h8 h4g6,1973,75,89,1401,endgame exposedKing long mate mateIn3 Queen Knight,https://lichess.org/e3O29UJu/black#Some(63),,"['endgame', 'exposedKing', 'mateIn3', 'Queen', 'Knight']",5
sPpvN,rn2kr2/p7/2pp1q2/1pb1p2p/4P1b1/P1NP2P1/BPPQ1PKN/R3R3 w q - 2 20,h2g4 f6f3 g2h2 h5g4,1945,74,91,2451,crushing fork intermezzo middlegame short Queen Pawn,https://lichess.org/Uau8lvlD#Some(38),,"['crushing', 'fork', 'intermezzo', 'middlegame', 'Queen', 'Pawn']",6
uemY4,5r2/2k5/3p2q1/1B4Bp/6pP/2P1n1n1/2P2R1K/Q7 w - - 0 35,f2f8 g6c2 b5e2 c2e2 h2g3 e2g2 g3f4 g2f3,1930,75,95,9746,exposedKing mate mateIn4 middlegame veryLong Queen,https://lichess.org/XCZrq6mY#Some(68),,"['exposedKing', 'mateIn4', 'middlegame', 'Queen']",4
kURuQ,r3kbnr/pp2p1pp/1qn1p3/3p4/3P4/1P2BQ2/P4PPP/RN2KB1R b KQkq - 0 10,c6d4 e3d4 b6d4 f1b5 e8d8 f3f8 d8c7 f8a8,1889,75,95,2483,crushing deflection opening skewer veryLong Bishop Queen,https://lichess.org/VFxvkJyN/black#Some(19),Caro-Kann_Defense Caro-Kann_Defense_Advance_Variation,"['crushing', 'deflection', 'opening', 'skewer', 'Bishop', 'Queen']",6
eS20S,2rqr1k1/4bp1p/p3p1pB/1p2P1N1/2bP4/8/PnB2QPP/2R2RK1 b - - 5 22,f7f5 e5f6 e7f6 f2f6 d8f6 f1f6,1894,76,92,2785,crushing enPassant long middlegame Pawn Queen Rook,https://lichess.org/wNeoJT3w/black#Some(43),,"['crushing', 'enPassant', 'middlegame', 'Pawn', 'Queen', 'Rook']",6
5IZrV,5rk1/p2b1np1/5PQB/5p2/1ppP3P/6P1/PPP2P2/R3K2q w Q - 0 22,e1d2 c4c3 b2c3 b4c3 d2c3 h1a1 c3d2 a1d4,1896,74,90,1292,attraction crushing middlegame skewer veryLong Pawn Queen,https://lichess.org/opQ5N9t8#Some(42),,"['attraction', 'crushing', 'middlegame', 'skewer', 'Pawn', 'Queen']",6
L7A37,r5k1/ppp3pp/1q2N3/4pQ2/4P3/3P4/PP4PP/n1B4K b - - 2 18,a1c2 f5e5 b6e6 e5e6,1910,75,92,1125,crushing endgame kingsideAttack short Queen,https://lichess.org/2pAfcuWt/black#Some(35),Kings_Gambit_Declined Kings_Gambit_Declined_Queens_Knight_Defense,"['crushing', 'endgame', 'kingsideAttack', 'Queen']",4
eItad,r4rk1/5p1p/pp1p1qp1/2p1nP1Q/P7/3P2P1/1PP3KP/R1B2R2 w - - 0 20,f5g6 f6f1 g2f1 f7g6 c1f4 g6h5,1958,76,92,1023,advantage discoveredAttack intermezzo long middlegame sacrifice Queen Pawn,https://lichess.org/wI8Fh49C#Some(38),,"['advantage', 'discoveredAttack', 'intermezzo', 'middlegame', 'sacrifice', 'Queen', 'Pawn']",7
22QEq,r1bqk2r/1p1p1p2/p1N1p2p/6p1/1b2n3/2N3B1/PPP1BPPP/R2QK2R b KQkq - 0 11,d7c6 d1d8 e8d8 e1c1,1956,80,94,16065,castling crushing discoveredAttack middlegame short Queen King,https://lichess.org/2GZ10LkN/black#Some(21),Sicilian_Defense Sicilian_Defense_Four_Knights_Variation,"['castling', 'crushing', 'discoveredAttack', 'middlegame', 'Queen', 'King']",6
gShOL,r3k2r/p3bppp/2p1pn2/6q1/3PN3/8/PPQ2PPP/R3K2R b KQkq - 1 15,g5g2 c2c6 e8f8 c6a8 f6e8 e1c1,1938,76,94,5513,advantage castling defensiveMove fork long middlegame Queen King,https://lichess.org/3awH8LFb/black#Some(29),Caro-Kann_Defense Caro-Kann_Defense_Panov_Attack,"['advantage', 'castling', 'defensiveMove', 'fork', 'middlegame', 'Queen', 'King']",7
CBESA,r5k1/3p1pp1/p1p4p/3r1q2/2Q2n2/5NP1/PP3P1P/3R1RK1 b - - 3 26,a8e8 c4f4 f5f4 g3f4,1989,75,90,1936,advantage middlegame short Queen Pawn,https://lichess.org/6DOFNpw6/black#Some(51),,"['advantage', 'middlegame', 'Queen', 'Pawn']",4
NgOzu,3r2k1/p1p1bppp/2Q1p3/8/8/4BN2/PqP2PPP/R5K1 w - - 0 18,e3d4 b2a1 d4a1 d8d1 f3e1 d1e1,1959,76,93,4052,backRankMate fork long mate mateIn3 middlegame sacrifice Queen Rook,https://lichess.org/7TlpWUem#Some(34),Rat_Defense Rat_Defense_Small_Center_Defense,"['fork', 'mateIn3', 'middlegame', 'sacrifice', 'Queen', 'Rook']",6
gX5lj,r4r1k/p3Q1b1/1p1p2Pp/3P1p2/2p2P2/P1P1P3/1PK1N2R/5q2 b - - 2 32,a8e8 h2h6 h8g8 h6h8 g8h8 e7h4 g7h6 h4h6 h8g8 h6h7,1960,74,93,3290,attraction exposedKing kingsideAttack mate mateIn5 middlegame sacrifice veryLong Rook Queen,https://lichess.org/kmkFPjIh/black#Some(63),,"['attraction', 'exposedKing', 'kingsideAttack', 'mateIn5', 'middlegame', 'sacrifice', 'Rook', 'Queen']",8
bHZ7I,8/5pk1/2q5/p5P1/2pP1nQ1/2P1p3/PP6/5R1K w - - 1 36,g4f3 e3e2 f3c6 e2f1q,1902,75,88,1058,advancedPawn crushing endgame pin promotion short Pawn,https://lichess.org/k8XDW9Rf#Some(70),,"['advancedPawn', 'crushing', 'endgame', 'pin', 'promotion', 'Pawn']",6
KtUK0,rn2k2r/pp3ppp/2p1p3/2PpP1q1/3P4/1KNQnP2/PP2N2P/R6R b kq - 4 16,a7a5 f3f4 g5e7 d3e3,1922,74,92,4110,advantage interference middlegame short Pawn Queen,https://lichess.org/EQsN3KWK/black#Some(31),Queens_Gambit_Declined Queens_Gambit_Declined_Baltic_Defense,"['advantage', 'interference', 'middlegame', 'Pawn', 'Queen']",5
cxiXf,8/2k5/1p1P1p2/1P4pp/2NK3P/5bP1/8/8 b - - 0 45,c7d7 h4g5 f6g5 c4e5 d7d6 e5f3,1972,74,94,5554,crushing endgame exposedKing fork long Pawn Knight,https://lichess.org/1AuoHfKl/black#Some(89),,"['crushing', 'endgame', 'exposedKing', 'fork', 'Pawn', 'Knight']",6
hdYpg,1r1r2k1/2Q2p1p/p5p1/2p2q2/8/P3P3/1b1BNPPP/1R4K1 w - - 0 30,b1b2 f5b1 b2b1 b8b1 e2c1 b1c1 d2c1 d8d1,1966,76,96,10180,backRankMate mate mateIn4 middlegame sacrifice veryLong xRayAttack Queen Rook,https://lichess.org/wWkil8oq#Some(58),,"['mateIn4', 'middlegame', 'sacrifice', 'xRayAttack', 'Queen', 'Rook']",6
Olt4p,1Q2k1nr/5ppp/2p5/4p3/1b1rq3/2N1B3/PP3P1P/R3K1R1 b Qk - 2 15,d4d8 b8d8 e8d8 e1c1,1985,78,90,2885,castling crushing discoveredAttack middlegame sacrifice short Queen King,https://lichess.org/sC4hWqTA/black#Some(29),Sicilian_Defense Sicilian_Defense_Old_Sicilian,"['castling', 'crushing', 'discoveredAttack', 'middlegame', 'sacrifice', 'Queen', 'King']",7
89rv1,r1b1k1nr/1ppq1pp1/1b5p/1p2p3/P3Q3/B1P2N2/5PPP/RN3RK1 b kq - 3 16,d7f5 e4b4 c7c5 b4b5,1955,75,91,1930,crushing opening short Queen,https://lichess.org/4dIkVJ88/black#Some(31),Scotch_Game Scotch_Game_Haxo_Gambit,"['crushing', 'opening', 'Queen']",3
T8WWE,1r5k/p1Q1b1pp/3p3r/4p3/4P3/1PN3RP/P1P2q1K/R7 w - - 0 25,g3g2 h6h3 h2h3 f2h4,1909,79,86,1414,attraction mate mateIn2 middlegame sacrifice short Rook Queen,https://lichess.org/KDOvFLz2#Some(48),,"['attraction', 'mateIn2', 'middlegame', 'sacrifice', 'Rook', 'Queen']",6
iw64e,r2qk2r/ppp1bppp/3p1nb1/3Pp1B1/4P1PP/5N2/PPP1QP2/RN2K2R b KQkq - 0 12,f6g4 g5e7 d8e7 h4h5 g6e4 e2e4,1962,77,92,2160,advantage long opening trappedPiece Bishop Pawn Queen,https://lichess.org/apfj9KND/black#Some(23),Ruy_Lopez Ruy_Lopez_Steinitz_Defense,"['advantage', 'opening', 'trappedPiece', 'Bishop', 'Pawn', 'Queen']",6
JKAeW,R1r3k1/5pp1/4p2p/2qn4/Q7/3B1P2/2P2P1P/6K1 b - - 5 27,d5b6 a4e8 c8e8 a8e8 c5f8 d3h7 g8h7 e8f8,1990,76,96,1166,crushing endgame pin sacrifice veryLong xRayAttack Queen Rook Bishop,https://lichess.org/61xNuwFt/black#Some(53),,"['crushing', 'endgame', 'pin', 'sacrifice', 'xRayAttack', 'Queen', 'Rook', 'Bishop']",8
ffcSa,7Q/6R1/2p5/1p6/1P2bkp1/2P5/P3q3/2K5 w - - 3 56,g7f7 f4g3 h8e5 g3g2 e5e4 e2e4,1987,75,91,1474,crushing defensiveMove endgame long King Queen,https://lichess.org/gtiv9WT7#Some(110),,"['crushing', 'defensiveMove', 'endgame', 'King', 'Queen']",5
K3k5O,r3k1nQ/pp2pp1p/2p3p1/8/2P1P1b1/5P2/P1q1K1PP/RN3B1R w q - 1 13,b1d2 e8c8 a1d1 g8f6,1975,77,91,3391,advantage castling middlegame short King Knight,https://lichess.org/wZn9TW8S#Some(24),Sicilian_Defense Sicilian_Defense_Accelerated_Dragon,"['advantage', 'castling', 'middlegame', 'King', 'Knight']",5
Ul7hV,8/6pk/p1Q1p1rp/3p2qb/P3p3/1P2P3/2R2PPP/5R1K w - - 1 32,f1g1 h5f3 h2h3 f3g2 h1h2 g5e5 f2f4 e4f3,1915,75,95,10560,discoveredAttack enPassant endgame kingsideAttack mate mateIn4 veryLong Bishop Queen Pawn,https://lichess.org/a6QmNsQP#Some(62),,"['discoveredAttack', 'enPassant', 'endgame', 'kingsideAttack', 'mateIn4', 'Bishop', 'Queen', 'Pawn']",8
FBVn4,r2qkb1r/pp1n2pb/2p1Bn1p/5P2/4p1PP/3P4/PPP1Q3/RNB1K2R b KQkq - 0 12,e4d3 e6f7 e8f7 e2e6,1965,73,94,11724,attraction doubleCheck mate mateIn2 opening sacrifice short Bishop Queen,https://lichess.org/d8qECwMA/black#Some(23),Caro-Kann_Defense Caro-Kann_Defense_Other_variations,"['attraction', 'doubleCheck', 'mateIn2', 'opening', 'sacrifice', 'Bishop', 'Queen']",7
7Y7rV,r4rk1/pppnqNp1/3p3p/4p2Q/3nB3/3P4/PPP2PPP/R3R1K1 w - - 4 18,e4d5 f8f7 d5f7 e7f7 h5f7 g8f7,1902,76,92,3413,advantage long middlegame Rook Queen King,https://lichess.org/Mui7M5MN#Some(34),Latvian_Gambit Latvian_Gambit_Other_variations,"['advantage', 'middlegame', 'Rook', 'Queen', 'King']",5
TIWj6,5b2/pp1q3k/3P1Q1p/5p2/5B2/1P5P/5PPK/r7 b - - 4 34,a1d1 f6f8 d7e6 f8e7 e6e7 d6e7 d1e1 f4e3,1965,75,95,6103,advancedPawn crushing endgame hangingPiece veryLong Queen Pawn Bishop,https://lichess.org/j8pfpWdZ/black#Some(67),,"['advancedPawn', 'crushing', 'endgame', 'hangingPiece', 'Queen', 'Pawn', 'Bishop']",7
OUhoG,r5k1/1pBr2pp/2nPp3/1p6/4q3/7P/B2Q1P2/1K1R3R w - - 1 26,d2c2 e4c2 b1c2 a8a2,1916,75,93,8033,advantage attraction middlegame queensideAttack short Queen Rook,https://lichess.org/ljE2foTB#Some(50),,"['advantage', 'attraction', 'middlegame', 'queensideAttack', 'Queen', 'Rook']",6
ObkxZ,1R6/5ppk/p6p/2p2P2/2Pp1BP1/3P2P1/q3rrBK/3Q2R1 w - - 7 34,g4g5 f2g2 g1g2 e2g2 h2h3 g2h2 h3g4 h6h5 g4f3 a2g2,1988,76,91,1818,mate mateIn5 middlegame veryLong Rook Pawn Queen,https://lichess.org/br8lW2HN#Some(66),,"['mateIn5', 'middlegame', 'Rook', 'Pawn', 'Queen']",5
obbgh,1r6/p2b1R1k/2pp4/2p1p2N/6PN/4q2P/PPP4K/8 b - - 0 31,h7g8 f7g7 g8f8 h4g6 f8e8 h5f6 e8d8 g7d7 d8c8 g6e7,1909,76,95,3240,endgame exposedKing fork mate mateIn5 veryLong Rook Knight,https://lichess.org/9MnDEvr4/black#Some(61),,"['endgame', 'exposedKing', 'fork', 'mateIn5', 'Rook', 'Knight']",6
JfCyC,r1b2r2/6kp/1p2p1p1/3p4/3pn1P1/pP3N2/P1PKQP1P/1R5R w - - 0 26,d2d3 c8a6 c2c4 d4c3,1978,73,93,10451,crushing discoveredAttack enPassant middlegame short Bishop Pawn,https://lichess.org/7YffoOTZ#Some(50),,"['crushing', 'discoveredAttack', 'enPassant', 'middlegame', 'Bishop', 'Pawn']",6
MkCN7,r4r1k/pbN4p/1p1pNnp1/n7/q1B5/2Q5/P1PK1PP1/R6R w - - 3 21,e6f8 a5c4 d2c1 a8f8,1919,75,94,1171,advantage intermezzo middlegame short Knight Rook,https://lichess.org/pwKf9A0o#Some(40),,"['advantage', 'intermezzo', 'middlegame', 'Knight', 'Rook']",5
jKNbW,3r4/pp6/6k1/2P1B2p/1P1K2b1/5rQ1/P7/R7 w - - 5 42,d4c4 f3g3 e5g3 g4e2 c4b3 d8d3 b3a4 d3g3,1888,74,95,7188,clearance crushing endgame fork veryLong Rook Bishop,https://lichess.org/TmSgF7Hx#Some(82),,"['clearance', 'crushing', 'endgame', 'fork', 'Rook', 'Bishop']",6
795jG,2kr2r1/p1pn1pb1/1p2p3/5pq1/3P4/3B1Q2/PPP2PPP/1K1R3R b - - 1 16,g7d4 d3a6 c8b8 f3b7,1889,77,93,4026,mate mateIn2 middlegame queensideAttack short Bishop Queen,https://lichess.org/bD5gTqmR/black#Some(31),French_Defense French_Defense_Rubinstein_Variation,"['mateIn2', 'middlegame', 'queensideAttack', 'Bishop', 'Queen']",5
Bkcn8,1B2r3/ppN4p/5R1k/2b3p1/2B4q/6pb/PPP3P1/3R3K b - - 1 26,h6g7 c7e8 g7h8 f6f8 c5f8 b8e5 f8g7 e5g7,1921,75,96,1267,hangingPiece mate mateIn4 middlegame veryLong Knight Rook Bishop,https://lichess.org/vruTu3kL/black#Some(51),,"['hangingPiece', 'mateIn4', 'middlegame', 'Knight', 'Rook', 'Bishop']",6
txUAy,3r4/1p3p1p/p1pPn3/2N1k3/1P6/8/1P4PP/3R2K1 b - - 6 26,d8d6 c5d7 d6d7 d1d7,1941,76,94,10445,crushing endgame short xRayAttack Knight Rook,https://lichess.org/lZHXou62/black#Some(51),,"['crushing', 'endgame', 'xRayAttack', 'Knight', 'Rook']",5
Ne4QB,r2qkb1r/pp3ppp/3p1n2/4p3/4P1b1/2N1B3/PPP1BP1P/R2QK2R b KQkq - 1 10,d8d7 f2f3 g4f3 e2f3,1967,77,92,1596,crushing opening short Pawn Bishop,https://lichess.org/ic8BnyCN/black#Some(19),Sicilian_Defense Sicilian_Defense_Classical_Variation,"['crushing', 'opening', 'Pawn', 'Bishop']",4
KLVUf,r4rk1/pp3ppp/4p3/3pbPq1/3n4/1BNQR2P/PPP3P1/5R1K b - - 8 19,d4f5 f1f5 g5f5 d3f5 e6f5 e3e5,1982,74,93,3188,advantage capturingDefender long middlegame Rook Queen,https://lichess.org/VrmkkAXM/black#Some(37),Caro-Kann_Defense Caro-Kann_Defense_Hillbilly_Attack,"['advantage', 'capturingDefender', 'middlegame', 'Rook', 'Queen']",5
nZL4D,r2r2n1/4q1bk/b1p3pp/p3pP2/1p2P3/1P1R2N1/PBP1Q1PN/5RK1 w - - 1 24,c2c4 b4c3 f5g6 h7h8,1897,74,92,2279,crushing enPassant middlegame short Pawn King,https://lichess.org/mvoVH56M#Some(46),,"['crushing', 'enPassant', 'middlegame', 'Pawn', 'King']",5
4AAA7,r3kb1r/pp1n1ppp/2p5/4p2q/P1PNN3/4Q1P1/1PP4P/R3KR2 b Qkq - 1 18,e5d4 e4f6 e8d8 e3e8 d8c7 e8d7,1950,74,95,9208,crushing doubleCheck long middlegame Knight Queen,https://lichess.org/U5bFCOUQ/black#Some(35),Scandinavian_Defense Scandinavian_Defense_Main_Line,"['crushing', 'doubleCheck', 'middlegame', 'Knight', 'Queen']",5
9moKj,8/8/7p/8/1PK5/7P/3k1p2/1b3B2 w - - 2 46,b4b5 d2e1 f1g2 b1e4 g2e4 f2f1q,1955,78,93,2864,advancedPawn bishopEndgame crushing deflection endgame long promotion King Bishop Pawn,https://lichess.org/n9cAGd1W#Some(90),,"['advancedPawn', 'crushing', 'deflection', 'endgame', 'promotion', 'King', 'Bishop', 'Pawn']",8
xc1DD,5brk/p4p1p/3p1pr1/1p1PpN1Q/n1q5/P1P2P2/1PB3PP/1R4RK w - - 3 26,f5d6 f8d6 c2g6 f7g6,1965,76,88,1052,advantage middlegame short Bishop Pawn,https://lichess.org/n7DTWKSU#Some(50),,"['advantage', 'middlegame', 'Bishop', 'Pawn']",4
pHsDQ,6k1/5pp1/p6p/2q1P3/2b5/P1n5/1P3PPP/K2QR3 w - - 0 30,b2c3 c5a3 a1b1 c4a2 b1c2 a2b3 c2d3 b3d1,1904,78,93,1428,advantage endgame exposedKing skewer veryLong Queen Bishop,https://lichess.org/dQJo5fKQ#Some(58),,"['advantage', 'endgame', 'exposedKing', 'skewer', 'Queen', 'Bishop']",6
sYQbV,4r3/p1Q3pk/3p3p/2p3q1/8/1PB2r1b/P1P1R1PP/4R1K1 w - - 0 27,c3g7 g5g2 e2g2 e8e1,1972,78,88,1413,deflection mate mateIn2 middlegame sacrifice short Queen Rook,https://lichess.org/ALiK3nTl#Some(52),,"['deflection', 'mateIn2', 'middlegame', 'sacrifice', 'Queen', 'Rook']",6
hD8tY,8/1Q4pk/p1p2q1p/2P2p2/1P5P/6P1/P3RP2/3r2K1 w - - 1 32,g1g2 f5f4 b7e7 f4f3 g2h2 f3e2,1925,77,94,6406,advancedPawn crushing endgame fork long Pawn,https://lichess.org/2UFnrmEs#Some(62),,"['advancedPawn', 'crushing', 'endgame', 'fork', 'Pawn']",5
3F4Fa,r1bq1rk1/1pp2pp1/p2p3B/4pP1Q/2B1P2b/2NP4/PP4PP/n4RK1 b - - 0 14,g7h6 h5g6 g8h8 g6h6,1959,77,91,2542,crushing kingsideAttack middlegame pin short Queen,https://lichess.org/V0SOgYeh/black#Some(27),Kings_Gambit_Declined Kings_Gambit_Declined_Queens_Knight_Defense,"['crushing', 'kingsideAttack', 'middlegame', 'pin', 'Queen']",5
2hGSB,r4k1r/pp3p2/2p4q/4Q1n1/2P1P3/P4P1p/1P1N2P1/R2R2K1 w - - 1 26,g2g3 g5f3 d2f3 h6e3 g1f1 e3f3,1971,74,95,5502,advantage clearance exposedKing fork long middlegame sacrifice Knight Queen,https://lichess.org/4cyfc1q2#Some(50),,"['advantage', 'clearance', 'exposedKing', 'fork', 'middlegame', 'sacrifice', 'Knight', 'Queen']",8
ULG2u,5k2/3qbpp1/4p2p/3p4/r2P4/1RN4P/1Q3PP1/6K1 b - - 0 35,a4d4 b3b8 e7d8 b2b6,1988,74,92,1099,clearance crushing endgame pin short Rook Queen,https://lichess.org/92wG7jcG/black#Some(69),,"['clearance', 'crushing', 'endgame', 'pin', 'Rook', 'Queen']",6
ZwDSP,3rk1nr/pp3ppp/2nQb3/q7/8/2N2N2/PP2PPPP/R1B1KB1R w KQk - 3 11,d6a3 c6b4 a3b4 a5b4,1939,74,94,5513,advantage opening short Knight Queen,https://lichess.org/abczmvpi#Some(20),Tarrasch_Defense Tarrasch_Defense_Two_Knights_Variation,"['advantage', 'opening', 'Knight', 'Queen']",4
PVDA8,8/2p1Np1k/p2p1P1p/5RPK/1pr5/8/8/8 b - - 4 52,c4c5 f5c5 d6c5 g5g6 f7g6 e7g6,1941,74,88,1008,crushing endgame long Rook Pawn Knight,https://lichess.org/kS9wfnBf/black#Some(103),,"['crushing', 'endgame', 'Rook', 'Pawn', 'Knight']",5
7qqha,4r3/pb1Q1p1p/p6k/6p1/4nK2/2P5/PP4PP/4R3 w - - 0 31,f4f5 b7c8 d7c8 e4d6 f5f6 e8c8,1991,74,93,2390,advantage attraction endgame fork intermezzo long pin sacrifice Bishop Knight Rook,https://lichess.org/9ISMd40j#Some(60),,"['advantage', 'attraction', 'endgame', 'fork', 'intermezzo', 'pin', 'sacrifice', 'Bishop', 'Knight', 'Rook']",10
fXLna,r1q2rk1/4bpp1/4p1p1/p2pB3/1p1P4/2P4R/PP1Q1PPP/5RK1 b - - 1 20,b4c3 h3h8 g8h8 d2h6 h8g8 h6g7,1937,75,94,12232,attraction kingsideAttack long mate mateIn3 middlegame pin sacrifice Rook Queen,https://lichess.org/zivtBpky/black#Some(39),,"['attraction', 'kingsideAttack', 'mateIn3', 'middlegame', 'pin', 'sacrifice', 'Rook', 'Queen']",8
rfKYZ,1r2qrk1/6bp/2Rp4/1p1N1pB1/3P4/6PB/3Q3P/6K1 w - - 2 28,h3f5 f8f5 d5e7 g8h8 e7f5 e8c6,1913,75,92,2781,advantage hangingPiece long middlegame Rook King Queen,https://lichess.org/N0950JHv#Some(54),,"['advantage', 'hangingPiece', 'middlegame', 'Rook', 'King', 'Queen']",6
HujXX,5r1k/pp1Q2p1/2p2r1p/3P2q1/3Pp1P1/1P2R3/P4PP1/5RK1 w - - 1 27,d5c6 f6f2 f1f2 g5e3 g1h2 e3f2,1951,74,89,1141,attraction capturingDefender crushing endgame long pin Rook Queen,https://lichess.org/Wr4ttton#Some(52),,"['attraction', 'capturingDefender', 'crushing', 'endgame', 'pin', 'Rook', 'Queen']",7
JScm0,2k1q2r/pppb1p2/1b1p3r/1P2p1Q1/3P4/BnP1PN1P/R3B1P1/1N3R1K w - - 2 25,f3g1 h6g6 g5g6 f7g6,1947,74,95,8070,advantage middlegame short trappedPiece Rook Pawn,https://lichess.org/JTeW0ezA#Some(48),,"['advantage', 'middlegame', 'trappedPiece', 'Rook', 'Pawn']",5
o6jpi,3r2k1/p4ppp/q7/5R2/2N3Q1/4P1P1/n2K1PP1/5R2 w - - 2 26,d2e2 a2c3 e2f3 a6c6 e3e4 c6c4,1997,76,94,5445,advantage interference long middlegame Knight Queen,https://lichess.org/z7rGWFa9#Some(50),,"['advantage', 'interference', 'middlegame', 'Knight', 'Queen']",5
5Hih4,n1r5/R5p1/1P1p3p/P3k3/4P3/6P1/6P1/6K1 b - - 0 45,c8b8 a7a8 b8a8 b6b7 a8b8 a5a6,1954,74,92,1351,advancedPawn advantage endgame long sacrifice Rook Pawn,https://lichess.org/SWkqZo8J/black#Some(89),,"['advancedPawn', 'advantage', 'endgame', 'sacrifice', 'Rook', 'Pawn']",6
Q1I61,3r3k/p5p1/2p4p/4P3/PP3r2/5N1P/3n1K2/2RR4 w - - 11 40,c1c3 d2e4 f2e3 d8d1,1921,75,92,1522,advantage discoveredAttack endgame fork short Knight Rook,https://lichess.org/7lVZLuQd#Some(78),,"['advantage', 'discoveredAttack', 'endgame', 'fork', 'Knight', 'Rook']",6
I6QNy,3rr1k1/5p2/p4Rp1/1p1q3p/3P4/P2QP1P1/1P3PP1/2R3K1 w - - 1 32,c1c5 d5c5 f6g6 g8f8,1905,74,92,1128,advantage defensiveMove endgame short Queen King,https://lichess.org/ESIhWN4G#Some(62),,"['advantage', 'defensiveMove', 'endgame', 'Queen', 'King']",5
pGccl,3Q4/3P2k1/1p4qp/p1p3pK/P1P2p2/5P2/1P5P/8 w - - 3 40,h5g4 g6e6 g4h5 e6h3,1943,76,93,9769,endgame mate mateIn2 queenEndgame short Queen,https://lichess.org/17XhTVhu#Some(78),,"['endgame', 'mateIn2', 'Queen']",3
uFeYm,4rrk1/pB1b1p1p/6p1/2p3N1/1q5Q/1P4P1/P3nP1P/R2R2K1 w - - 3 22,g1g2 b4b7 f2f3 h7h5,1959,76,90,1441,crushing defensiveMove hangingPiece middlegame short Queen Pawn,https://lichess.org/wQkSbsyu#Some(42),,"['crushing', 'defensiveMove', 'hangingPiece', 'middlegame', 'Queen', 'Pawn']",6
Wj7Ph,r1b2r1k/1pq3p1/p7/2bRnpB1/8/N1P4P/PPQ2PP1/4R1K1 b - - 0 22,e5f7 d5c5 c7c5 g5e7 c5c7 e7f8,1919,74,92,1064,advantage fork interference long middlegame sacrifice Rook Bishop,https://lichess.org/DH81sZp7/black#Some(43),,"['advantage', 'fork', 'interference', 'middlegame', 'sacrifice', 'Rook', 'Bishop']",7
ciugv,1brq2k1/pp3pp1/5n1p/4r3/3p4/2P1B2P/PPQ2PP1/R3RNK1 w - - 0 21,e3d4 e5e1 a1e1 d8d4,1923,75,96,2503,crushing intermezzo middlegame short Rook Queen,https://lichess.org/ny5JJ8Pz#Some(40),,"['crushing', 'intermezzo', 'middlegame', 'Rook', 'Queen']",5
k4Sxr,1k6/5R2/2PK4/4P3/8/5pr1/7p/8 w - - 2 61,c6c7 b8b7 f7f8 g3g6 e5e6 g6e6 d6e6 b7c7 f8h8 f3f2 h8h2 f2f1q,1922,78,93,144914,advancedPawn advantage defensiveMove deflection endgame promotion rookEndgame sacrifice veryLong King Rook Pawn,https://lichess.org/8WTEXSqJ#Some(120),,"['advancedPawn', 'advantage', 'defensiveMove', 'deflection', 'endgame', 'promotion', 'sacrifice', 'King', 'Rook', 'Pawn']",10
ENdNh,q3r1k1/5pp1/p6p/2p1n3/8/P2Q2PP/5P2/R1B1R1K1 w - - 0 24,d3c3 e5f3 c3f3 e8e1 g1g2 e1g1 g2g1 a8f3,1901,76,96,6584,advantage deflection discoveredAttack fork middlegame veryLong Knight Rook Queen,https://lichess.org/gRpCR9cA#Some(46),,"['advantage', 'deflection', 'discoveredAttack', 'fork', 'middlegame', 'Knight', 'Rook', 'Queen']",8
vLmdu,r6k/ppp1b1pB/6Np/3P2q1/1P4b1/P2Q2P1/7P/5RK1 b - - 1 25,h8h7 g6f8 h7g8 d3h7,1942,75,95,12274,doubleCheck mate mateIn2 middlegame short Knight Queen,https://lichess.org/ofEcCPyR/black#Some(49),,"['doubleCheck', 'mateIn2', 'middlegame', 'Knight', 'Queen']",5
eCN4p,1r1k2nr/2p2ppp/p1Qp2q1/1pb4b/4P3/1B2BP1P/PP3P1K/RN4R1 b - - 8 16,g6f6 e3g5 g8e7 g5f6 g7f6 c6a6,1892,77,96,10760,crushing long middlegame pin Bishop Queen,https://lichess.org/DZpDUgpF/black#Some(31),Ruy_Lopez Ruy_Lopez_Morphy_Defense,"['crushing', 'middlegame', 'pin', 'Bishop', 'Queen']",5
d6xdL,5rk1/p5p1/3p3p/3Pp1q1/4P1b1/1R3r2/P5PP/2Q2R1K w - - 0 27,b3f3 f8f3 g2f3 g4f3 f1f3 g5c1,1980,76,96,6881,crushing deflection endgame long Rook Bishop Queen,https://lichess.org/ylujKUga#Some(52),,"['crushing', 'deflection', 'endgame', 'Rook', 'Bishop', 'Queen']",6
kBmik,r3kb1r/ppp2ppp/2p5/4P1B1/3P4/2N3Pb/PPP1Q2P/R3KB1q b Qkq - 3 11,f8b4 e1c1 b4c3 f1h3,1963,75,90,1193,castling crushing middlegame short King Bishop,https://lichess.org/bz5k0aT4/black#Some(21),Russian_Game Russian_Game_Stafford_Gambit,"['castling', 'crushing', 'middlegame', 'King', 'Bishop']",5
ui7Ap,6R1/5Q1p/3p4/p5p1/3q2Nk/7P/5P1K/4r3 w - - 9 40,f7g7 d4f4 h2g2 f4e4 f2f3 e4e2 g4f2 e2f1 g2h2 f1f2,1946,79,91,148775,deflection endgame mate mateIn5 veryLong Queen,https://lichess.org/LMEcF3LI#Some(78),,"['deflection', 'endgame', 'mateIn5', 'Queen']",4
Fz0KL,1Q6/5r2/3p2k1/P2Pp1pp/1R2P3/8/3K1q2/R7 w - - 0 53,d2c3 f7f3 c3c4 f2e2,1904,74,94,12100,endgame mate mateIn2 short Rook Queen,https://lichess.org/PPXXxEKf#Some(104),,"['endgame', 'mateIn2', 'Rook', 'Queen']",4
ZaSxT,5r1k/p3qpp1/1p2pR1p/1b1pP3/3P4/1PrNQ2R/P5PP/6K1 b - - 5 29,c3d3 f6h6 g7h6 e3h6 h8g8 h6h8,1964,75,92,2271,kingsideAttack long mate mateIn3 middlegame sacrifice Rook Queen,https://lichess.org/bScCTNEV/black#Some(57),,"['kingsideAttack', 'mateIn3', 'middlegame', 'sacrifice', 'Rook', 'Queen']",6
DdRCD,2r1b1k1/ppq1P1b1/2p2rpp/3p4/4p1B1/BP2P3/P4PPP/2RQR1K1 b - - 2 21,e8d7 d1d5 c6d5 c1c7 c8c7 g4d7,1936,73,95,11494,crushing long middlegame Queen Rook Bishop,https://lichess.org/0u7K0G7Z/black#Some(41),,"['crushing', 'middlegame', 'Queen', 'Rook', 'Bishop']",5
3eaSM,rn1q1k1r/pp5p/5bp1/1BpN1bN1/8/8/PP4PP/R2Q1RK1 b - - 0 17,f6d4 d1d4 c5d4 g5e6 f8f7 e6d8,1924,74,93,7278,advantage exposedKing long middlegame pin sacrifice Queen Knight,https://lichess.org/sR0SvONM/black#Some(33),Benoni_Defense Benoni_Defense_Mikenas_Variation,"['advantage', 'exposedKing', 'middlegame', 'pin', 'sacrifice', 'Queen', 'Knight']",7
wEj0d,6k1/p5p1/1qp3r1/3b1rNp/5P2/1P1Q2P1/P6P/3RR1K1 w - - 2 31,g1f1 g6g5 e1e8 g8f7,1967,76,93,5471,advantage middlegame pin short Rook King,https://lichess.org/YgvEte6q#Some(60),,"['advantage', 'middlegame', 'pin', 'Rook', 'King']",5
SH5w7,r5k1/4b1p1/r4pP1/4p2P/2b1N3/1N1p2R1/1PPB4/1KR5 w - - 0 37,g3d3 a6a1 b3a1 c4a2,1893,74,94,8172,mate mateIn2 middlegame queensideAttack sacrifice short Rook Bishop,https://lichess.org/Ac9OY3BR#Some(72),,"['mateIn2', 'middlegame', 'queensideAttack', 'sacrifice', 'Rook', 'Bishop']",6
DBdzS,1r5r/p2kp3/3pqp1p/2Q5/1p2NR2/3P2P1/PP2n2P/5R1K b - - 2 30,e2f4 c5a7 d7d8 a7b8,1988,76,93,10934,advantage interference middlegame short Queen,https://lichess.org/Lk0uVepx/black#Some(59),,"['advantage', 'interference', 'middlegame', 'Queen']",4
nF4sy,rn1q1rk1/ppp2p2/7p/4P1p1/5pb1/P1PBnN2/2P1Q1PP/R3BRK1 b - - 4 15,e3f1 e2e4 f7f5 e5f6,1969,73,92,2776,advantage enPassant middlegame short Queen Pawn,https://lichess.org/OwtKaSQe/black#Some(29),Indian_Defense Indian_Defense_Other_variations,"['advantage', 'enPassant', 'middlegame', 'Queen', 'Pawn']",5
7iqoG,r2q1rk1/1pp2p1n/pb5p/4R1p1/4N3/5Q1P/Bp3PP1/1R4K1 b - - 1 21,b6d4 e5d5 d8e7 d5d4,1955,73,94,8867,advantage interference middlegame short Rook,https://lichess.org/xMUPrBnC/black#Some(41),,"['advantage', 'interference', 'middlegame', 'Rook']",4
MQ1Je,r3r1k1/p4pp1/2p3p1/1p2P3/4QP2/8/PP1R1q2/2K4R b - - 3 27,f7f5 h1h8 g8h8 e4h1 f2h4 h1h4,1927,76,92,1552,attraction crushing endgame long sacrifice Rook Queen,https://lichess.org/O3k7oplf/black#Some(53),,"['attraction', 'crushing', 'endgame', 'sacrifice', 'Rook', 'Queen']",6
hCR2D,6B1/8/8/1p6/p5p1/k5K1/P2rp3/4R3 w - - 0 62,g3g4 d2d1 e1e2 d1g1 g4f5 g1g8,2000,76,89,1425,crushing endgame long skewer Rook,https://lichess.org/rgISWNkC#Some(122),,"['crushing', 'endgame', 'skewer', 'Rook']",4
3PN74,r4rk1/5ppp/pR2bnn1/3pR3/P1pP4/2N3Pq/2P2PBP/3Q2K1 b - - 2 20,h3g4 f2f3 g6e5 f3g4,1960,74,90,1451,advantage middlegame short trappedPiece Pawn,https://lichess.org/MAv7xgbX/black#Some(39),,"['advantage', 'middlegame', 'trappedPiece', 'Pawn']",4
fOGTG,7r/8/p3P1k1/3Q4/P1p2P2/4q1r1/2P2RP1/R5K1 w - - 1 36,d5e5 g3g2 g1g2 e3h3 g2g1 h3h1,1964,78,95,12984,attraction endgame long mate mateIn3 pin sacrifice Rook Queen,https://lichess.org/n0XeCVsZ#Some(70),,"['attraction', 'endgame', 'mateIn3', 'pin', 'sacrifice', 'Rook', 'Queen']",7
SOh0y,5krr/2Q2q2/p1n1pp1p/1p1p4/8/1BP1PP2/PP4P1/RN2R2K w - - 5 23,c7c6 f7h5 h1g1 g8g2 g1g2 h8g8 g2f2 h5h2 f2f1 h2g2,1890,79,94,12507,attraction kingsideAttack mate mateIn5 middlegame sacrifice veryLong Queen Rook,https://lichess.org/5q6srPBt#Some(44),,"['attraction', 'kingsideAttack', 'mateIn5', 'middlegame', 'sacrifice', 'Queen', 'Rook']",7
Hzo2i,8/1b6/1P6/7p/8/6R1/r4B1k/4K3 w - - 4 54,e1f1 b7a6 f1e1 a2e2 e1d1 e2f2,1960,75,95,7616,crushing deflection endgame exposedKing long Bishop Rook,https://lichess.org/dru52rjc#Some(106),,"['crushing', 'deflection', 'endgame', 'exposedKing', 'Bishop', 'Rook']",6
i72Nv,r1b1kbnr/p1p2ppp/2pq4/4p1B1/4P3/5N2/PPP2PPP/RN1QK2R w KQkq - 2 8,f3e5 d6d1 e1d1 f7f6 g5f4 f6e5,1948,76,94,11974,advantage fork long opening Queen Pawn,https://lichess.org/OEej47MA#Some(14),Ruy_Lopez Ruy_Lopez_Other_variations,"['advantage', 'fork', 'opening', 'Queen', 'Pawn']",5
3yCQp,2N3k1/5pp1/8/7p/P1p2P2/8/BPnp2KP/2R5 w - - 0 28,c1h1 c2e1 g2f2 d2d1q,1992,73,95,10093,advancedPawn advantage endgame promotion short Knight Pawn,https://lichess.org/yOiu8dR6#Some(54),,"['advancedPawn', 'advantage', 'endgame', 'promotion', 'Knight', 'Pawn']",6
YwAk9,6rk/p3q2p/1p1n4/2p2P2/P2p1pQb/N2P4/1P5P/2R2R1K w - - 2 30,g4f4 h4g5 f4f3 g5c1,1918,76,91,1900,advantage middlegame short skewer Bishop,https://lichess.org/MEcK84CY#Some(58),,"['advantage', 'middlegame', 'skewer', 'Bishop']",4
MIUrm,r2r4/1b2kppp/p3pn2/2b4q/Q4B2/2NB1P2/PP4PP/R4R1K w - - 9 16,c3e4 d8d3 e4c5 h5c5,1974,77,91,2121,advantage hangingPiece middlegame short Rook Queen,https://lichess.org/i6KtHyvW#Some(30),Sicilian_Defense Sicilian_Defense_Kan_Variation,"['advantage', 'hangingPiece', 'middlegame', 'Rook', 'Queen']",5
DluMy,8/8/1k6/2n5/2PK4/8/p7/N7 b - - 4 70,b6a5 d4c5 a5a4 c5d4,1978,75,96,2324,crushing defensiveMove endgame hangingPiece knightEndgame short King,https://lichess.org/appF3AZp/black#Some(139),,"['crushing', 'defensiveMove', 'endgame', 'hangingPiece', 'King']",5
JdHPQ,6k1/1q2pp1p/2np2p1/2p2P2/Q1P1P3/4B1PP/1b6/3B2K1 b - - 0 27,c6d4 a4e8 g8g7 e3h6 g7h6 e8f8 h6g5 h3h4 g5f6 f8h8,1965,76,95,12280,attraction endgame mate mateIn5 sacrifice veryLong Queen Bishop Pawn,https://lichess.org/xA0vPO8I/black#Some(53),,"['attraction', 'endgame', 'mateIn5', 'sacrifice', 'Queen', 'Bishop', 'Pawn']",7
b07uB,r2qk2r/ppp1bp2/2n1pn1p/3p4/3P2QN/P3P1P1/1PP2PBP/R1B1R1K1 w kq - 1 13,g4g7 h8h7 g7h7 f6h7,1883,75,92,2017,advantage opening short trappedPiece Rook Knight,https://lichess.org/Tcj6GvSE#Some(24),Queens_Pawn_Game Queens_Pawn_Game_Chigorin_Variation,"['advantage', 'opening', 'trappedPiece', 'Rook', 'Knight']",5
eLJDu,rnbq3k/pp4p1/3p1rBB/2b2p1Q/7P/8/PPP3P1/RN2K2R b KQ - 0 15,d8e7 h6e3 h8g8 h5h7 g8f8 h7h8,1902,74,95,4274,discoveredAttack kingsideAttack long mate mateIn3 middlegame Bishop Queen,https://lichess.org/1IQtZFJv/black#Some(29),French_Defense French_Defense_Franco-Sicilian_Defense,"['discoveredAttack', 'kingsideAttack', 'mateIn3', 'middlegame', 'Bishop', 'Queen']",6
GwxRm,5rk1/R4Qpp/1p3n2/8/3P4/4P1P1/4BPKP/4q3 b - - 0 32,f8f7 a7a8 f6e8 a8e8 f7f8 e2c4 g8h8 e8f8,1969,81,90,136302,backRankMate deflection endgame mate mateIn4 veryLong Rook Bishop,https://lichess.org/uZg5T0zF/black#Some(63),,"['deflection', 'endgame', 'mateIn4', 'Rook', 'Bishop']",5
wE8zz,4r1k1/6pp/p1p1rp1q/1p1p1Qn1/3PP3/P1P2PN1/1P4P1/4RRK1 w - - 1 26,f1f2 g7g6 f5g4 f6f5 g3f5 g6f5,1890,75,89,1120,advantage long middlegame Pawn,https://lichess.org/yI9PV5o9#Some(50),,"['advantage', 'middlegame', 'Pawn']",3
iJWYW,4r1k1/pprb1ppp/3p4/3P1q2/2P1R2Q/5N2/P4PPP/4R1K1 b - - 0 21,e8e4 h4d8 d7e8 d8e8 e4e8 e1e8,1927,76,94,13418,backRankMate fork long mate mateIn3 middlegame xRayAttack Queen Rook,https://lichess.org/mLHKWpnz/black#Some(41),,"['fork', 'mateIn3', 'middlegame', 'xRayAttack', 'Queen', 'Rook']",6
7MmvP,2r4k/pp4bp/2p4r/2P2Npq/4p3/2N1Pn1P/PBQ2PP1/3R1RK1 w - - 1 24,g1h1 h5h3 g2h3 h6h3 h1g2 h3h2 g2g3 g7e5 g3g4 h7h5,1982,74,94,10679,kingsideAttack mate mateIn5 middlegame sacrifice veryLong Queen Rook Bishop Pawn,https://lichess.org/bL1Lcboe#Some(46),,"['kingsideAttack', 'mateIn5', 'middlegame', 'sacrifice', 'Queen', 'Rook', 'Bishop', 'Pawn']",8
4uOB4,rn2k2r/pp3ppp/2p1pn2/8/8/2qBBQ1P/P1P2PP1/3RR1K1 b kq - 1 14,e8g8 e3d4 c3d4 d3h7 g8h7 d1d4,1937,75,95,1417,crushing discoveredAttack kingsideAttack long middlegame sacrifice Bishop Rook,https://lichess.org/axuFKGso/black#Some(27),Scandinavian_Defense Scandinavian_Defense_Mieses-Kotroc_Variation,"['crushing', 'discoveredAttack', 'kingsideAttack', 'middlegame', 'sacrifice', 'Bishop', 'Rook']",7
UfkuZ,3r1rk1/1b2ppb1/p2q2p1/1p1nN3/2p1BP1p/2P2Q2/PP4PP/R1B1R2K b - - 2 20,d5f4 c1f4 g7e5 f4e5 d6e5 e4b7,1947,74,91,2363,advantage hangingPiece long middlegame Bishop,https://lichess.org/N0E1ihLX/black#Some(39),,"['advantage', 'hangingPiece', 'middlegame', 'Bishop']",4
HZc6u,3rr1k1/5ppp/2N2q2/8/1Q6/6P1/PP3P1P/2R3K1 b - - 6 30,d8c8 c6e7 f6e7 c1c8,1887,76,93,2431,crushing discoveredAttack endgame fork short Knight Rook,https://lichess.org/NeVYuqI1/black#Some(59),,"['crushing', 'discoveredAttack', 'endgame', 'fork', 'Knight', 'Rook']",6
ETqOT,r4rk1/ppp2ppp/2N5/1Bbp4/4p1b1/2P3Pq/PP1P1P1P/RNBQR1K1 w - - 1 12,b5e2 c5f2 g1f2 h3h2,1883,76,88,1968,attraction crushing deflection kingsideAttack middlegame short Bishop Queen,https://lichess.org/RRUsi6jX#Some(22),Ruy_Lopez Ruy_Lopez_Berlin_Defense,"['attraction', 'crushing', 'deflection', 'kingsideAttack', 'middlegame', 'Bishop', 'Queen']",7
USRVn,2r1k1r1/1bqp1n1p/pbn1pQ1P/1p3p2/3N4/PB2BP2/1PP1N1P1/3R1RK1 w - - 2 22,d4e6 b6e3 g1h1 d7e6 f6e6 c7e7,1902,75,92,1807,crushing hangingPiece intermezzo long middlegame Bishop Pawn Queen,https://lichess.org/OyDwGjla#Some(42),,"['crushing', 'hangingPiece', 'intermezzo', 'middlegame', 'Bishop', 'Pawn', 'Queen']",7
Y8Z7w,1rr4k/6pp/3pQb2/2pn3q/8/P4N2/1P3PPP/R1B1R1K1 w - - 7 25,f3g5 c8e8 e6e8 b8e8,1901,76,95,7821,crushing middlegame short Rook,https://lichess.org/MmhuxAz6#Some(48),,"['crushing', 'middlegame', 'Rook']",3
lrcsR,2r1qrk1/p4np1/3p4/N2Pp1Pp/1PR1Pp1P/P4P1K/5Q2/5R2 w - - 1 31,f1g1 c8c4 a5c4 e8c8 h3h2 c8c4,1948,73,92,3413,clearance crushing fork long middlegame Rook Queen,https://lichess.org/Y38i92o7#Some(60),,"['clearance', 'crushing', 'fork', 'middlegame', 'Rook', 'Queen']",6
lEnWT,r5r1/6B1/2pqkP2/p2p3Q/1n6/3PR2K/2Pn4/8 b - - 0 38,e6d7 h5f7 d7c8 f7g8,1912,76,96,12803,crushing interference middlegame short Queen,https://lichess.org/6rsfNh9Y/black#Some(75),,"['crushing', 'interference', 'middlegame', 'Queen']",4
LlO3O,3k4/R2P3r/1P2npp1/7p/7P/8/6P1/6K1 b - - 0 41,e6c5 a7a8 d8d7 a8a7 d7c6 a7h7,1933,75,95,7616,crushing endgame exposedKing long skewer Rook,https://lichess.org/AtXyqGHu/black#Some(81),,"['crushing', 'endgame', 'exposedKing', 'skewer', 'Rook']",5
LV9Z9,3r1rk1/4Q2p/4b1pP/4pp2/1pP5/pP4R1/5PK1/3q2R1 b - - 7 36,e6d5 g2h2 d1h5 g3h3 h5h6 h3h6,1995,78,92,6508,crushing defensiveMove long middlegame King Rook,https://lichess.org/J4yYRUfa/black#Some(71),,"['crushing', 'defensiveMove', 'middlegame', 'King', 'Rook']",5
hAyiJ,5r1k/1pp1n1p1/p2p1q1p/4pN2/PP2Pr2/1BPP4/6RR/3Q2K1 w - - 10 30,d1h5 e7f5 g2g6 f4f1 g1f1 f5g3,1909,77,95,12046,attraction crushing doubleCheck exposedKing kingsideAttack long middlegame sacrifice Knight Rook,https://lichess.org/UG4DXg5J#Some(58),,"['attraction', 'crushing', 'doubleCheck', 'exposedKing', 'kingsideAttack', 'middlegame', 'sacrifice', 'Knight', 'Rook']",9
z7UHy,5r1k/4Q2p/p3p2q/4P3/2RPp1p1/4P3/1r4PP/4R1K1 w - - 0 30,c4c7 h6e3 e1e3 b2b1 c7c1 b1c1 e3e1 c1e1,1934,78,96,11693,endgame mate mateIn4 sacrifice veryLong Queen Rook,https://lichess.org/kxwYlELo#Some(58),,"['endgame', 'mateIn4', 'sacrifice', 'Queen', 'Rook']",5
myTwg,8/8/7p/3KP1p1/3p2P1/3k4/6P1/8 b - - 0 42,d3e3 e5e6 d4d3 e6e7 d3d2 e7e8q e3f2 e8a4,1981,76,94,8109,advancedPawn crushing defensiveMove endgame pawnEndgame promotion veryLong Pawn Queen,https://lichess.org/5ndAwFge/black#Some(83),,"['advancedPawn', 'crushing', 'defensiveMove', 'endgame', 'promotion', 'Pawn', 'Queen']",7
Cj8Qs,rn1qk2r/pbpp1ppp/1p2p3/8/2PP3n/2NBPN2/PP3PPP/R2QK2R w KQkq - 3 9,e1g1 b7f3 d1f3 h4f3,1882,75,95,2559,crushing kingsideAttack opening short Bishop Knight,https://lichess.org/CCvfzq5z#Some(16),English_Defense English_Defense_Other_variations,"['crushing', 'kingsideAttack', 'opening', 'Bishop', 'Knight']",5
xORQN,8/6R1/3k1p2/3BpK1p/2Pb2P1/6r1/8/8 w - - 0 47,f5f6 e5e4 f6f5 d4g7,1974,77,95,13944,crushing discoveredAttack endgame short skewer Pawn Bishop,https://lichess.org/E8xTdLNW#Some(92),,"['crushing', 'discoveredAttack', 'endgame', 'skewer', 'Pawn', 'Bishop']",6
R2ehn,r1b1k3/p1ppr1p1/n4np1/1pB3Np/2B5/3P4/PPP2PPP/4RK2 b q - 1 21,b5c4 e1e7 e8f8 e7f7 f8g8 f7f8,1884,80,95,10750,doubleCheck long mate mateIn3 middlegame Rook,https://lichess.org/naMFpRcS/black#Some(41),,"['doubleCheck', 'mateIn3', 'middlegame', 'Rook']",4
fBgg5,r3k2r/ppq1b1pp/2p2p2/3pNb2/8/2NP4/PPP1QPPP/2K1RB1R b kq - 0 11,c7e5 e2h5 f5g6 e1e5 g6h5 e5h5,1946,75,94,4071,crushing discoveredAttack long middlegame Queen Rook,https://lichess.org/SHx9DHmK/black#Some(21),Duras_Gambit Duras_Gambit_Other_variations,"['crushing', 'discoveredAttack', 'middlegame', 'Queen', 'Rook']",5
Jqxjx,r2r2k1/2R2p1p/4q1p1/p7/8/5QP1/4RPKP/8 b - - 1 33,e6d5 e2e8 g8g7 f3d5 d8d5 e8a8,1927,77,92,3776,capturingDefender crushing endgame long Rook Queen,https://lichess.org/XiTxkwJd/black#Some(65),,"['capturingDefender', 'crushing', 'endgame', 'Rook', 'Queen']",5
4PUct,r1b2rk1/ppppnppp/8/8/1q6/2N1B1P1/PPP1Q2P/2KR1B2 b - - 5 13,a7a5 a2a3 b4c3 b2c3,1945,76,91,1652,advantage middlegame short trappedPiece Pawn,https://lichess.org/ozERqdfE/black#Some(25),Kings_Gambit_Declined Kings_Gambit_Declined_Queens_Knight_Defense,"['advantage', 'middlegame', 'trappedPiece', 'Pawn']",4
IeDe6,r2q1r1k/pbp2pn1/1b6/2p3N1/2B4P/4P1Q1/PPP3P1/R3K2R b KQ - 0 20,b7d5 e1c1 c7c6 e3e4 d5c4 d1d8,1994,75,89,1157,castling crushing long middlegame King Pawn Rook,https://lichess.org/s1kGqNOQ/black#Some(39),,"['castling', 'crushing', 'middlegame', 'King', 'Pawn', 'Rook']",6
bsIDo,r1q1r1k1/1b3pb1/3Qp1p1/2p1P2p/p4P2/4B3/PPB3PP/R2R2K1 w - - 0 23,d6c5 c8c5 e3c5 e8c8,1883,77,88,1358,advantage clearance middlegame short Queen Rook,https://lichess.org/U3rNoeYh#Some(44),,"['advantage', 'clearance', 'middlegame', 'Queen', 'Rook']",5
S1sLv,7k/p7/1p3Q1b/4P2N/6p1/KP6/P2q2P1/4q3 b - - 1 40,h8h7 f6f7 h7h8 f7e8 h6f8 e8f8 h8h7 f8g7,1978,75,94,9792,endgame exposedKing mate mateIn4 veryLong Queen,https://lichess.org/xzA573zu/black#Some(79),,"['endgame', 'exposedKing', 'mateIn4', 'Queen']",4
nUZpw,5rk1/3nbppp/4p3/8/1r2N3/1P2Q3/PBq2PPP/R4RK1 w - - 3 19,b2d4 e6e5 a1c1 e5d4,1921,74,92,1445,advantage middlegame short xRayAttack Pawn,https://lichess.org/3BpuP2sM#Some(36),Caro-Kann_Defense Caro-Kann_Defense_Exchange_Variation,"['advantage', 'middlegame', 'xRayAttack', 'Pawn']",4
CjMJG,7k/3q1pbp/bp3np1/p1p5/P3pN2/1QP1P2P/BP3PPB/6K1 w - - 7 27,f4d5 c5c4 b3b6 d7d5,1892,75,93,3118,advantage interference middlegame short Pawn Queen,https://lichess.org/g9WPCbco#Some(52),,"['advantage', 'interference', 'middlegame', 'Pawn', 'Queen']",5
ce2JP,2rq1rk1/1b1pppbp/p1n2npB/8/1p1NP3/P1N2P1P/1PPQ2P1/2KR1B1R w - - 0 15,d4c6 b4c3 c6d8 c3d2,1921,75,92,1530,advancedPawn advantage middlegame queensideAttack short Pawn,https://lichess.org/NAa8aYpi#Some(28),Sicilian_Defense Sicilian_Defense_Open,"['advancedPawn', 'advantage', 'middlegame', 'queensideAttack', 'Pawn']",5
tw6P5,r4rk1/ppp2ppp/2np4/8/3P1B2/2P2NPb/PP2Q2P/R3KBq1 b Q - 3 13,g1h1 e1c1 h3g4 f1g2 h1h2 d1h1,1982,78,91,1979,advantage castling clearance long middlegame King Bishop Rook,https://lichess.org/Kekpvm5l/black#Some(25),Alekhine_Defense Alekhine_Defense_Other_variations,"['advantage', 'castling', 'clearance', 'middlegame', 'King', 'Bishop', 'Rook']",7
83for,5kr1/8/2Q1Pn1p/5P2/1P6/2P1P1rq/P2B1RP1/6K1 w - - 3 32,c6c8 f8g7 c8b7 g7h8,1958,75,89,1966,advantage defensiveMove middlegame pin short King,https://lichess.org/blRPj6Di#Some(62),,"['advantage', 'defensiveMove', 'middlegame', 'pin', 'King']",5
sTjDV,1rb2rk1/1pp2pp1/p1n3P1/8/2Pp1p2/P2P1N2/P4qB1/2KQR2R b - - 1 18,f2a2 h1h8 g8h8 e1h1 h8g8 h1h8 g8h8 d1h1 c8h3 h1h3 h8g8 h3h7,1933,80,96,17848,attraction kingsideAttack mate mateIn5 middlegame sacrifice veryLong Rook Queen,https://lichess.org/IUb6s7SE/black#Some(35),Grob_Opening Grob_Opening_Other_variations,"['attraction', 'kingsideAttack', 'mateIn5', 'middlegame', 'sacrifice', 'Rook', 'Queen']",7
d38PB,8/2B5/P7/1K5p/4p1k1/6b1/8/8 b - - 0 47,e4e3 a6a7 g3c7 a7a8q,1968,78,92,8600,advancedPawn bishopEndgame crushing endgame promotion short Pawn,https://lichess.org/rg4QhKlD/black#Some(93),,"['advancedPawn', 'crushing', 'endgame', 'promotion', 'Pawn']",5
4491n,1k1r2nr/p1p3pp/2p2pb1/3N4/1b1Q2P1/2P1B2P/PP1KBP2/R6q b - - 0 17,h1a1 d4a7 b8c8 a7c7,1913,75,95,2136,mate mateIn2 middlegame queensideAttack short Queen,https://lichess.org/Ch8bA95I/black#Some(33),Philidor_Defense Philidor_Defense_Other_variations,"['mateIn2', 'middlegame', 'queensideAttack', 'Queen']",4
GyVLW,8/4bk2/2R1pp2/3n1n2/3P3p/r4N1P/3B1PP1/2NK4 w - - 6 38,d1c2 a3f3 g2f3 f5d4 c2d1 d4c6,1988,76,94,4973,capturingDefender crushing exposedKing fork long middlegame Rook Knight,https://lichess.org/VrqIV8zC#Some(74),,"['capturingDefender', 'crushing', 'exposedKing', 'fork', 'middlegame', 'Rook', 'Knight']",7
ld5RT,2r3k1/4rppp/8/2N5/1P6/P3q3/2Q2nPP/R3R2K w - - 3 32,h1g1 f2h3 g1h1 e3e1 a1e1 e7e1,1887,75,94,1365,backRankMate doubleCheck long mate mateIn3 middlegame Knight Queen Rook,https://lichess.org/Bmh6x73o#Some(62),,"['doubleCheck', 'mateIn3', 'middlegame', 'Knight', 'Queen', 'Rook']",6
xkRSl,2k5/1pp2p2/p1p5/8/2P1Pq2/1P3P2/KPPr4/5Q1R b - - 2 30,d2c2 h1h8 c8d7 f1d3 f4d6 d3c2,1937,76,95,10699,crushing endgame fork long Rook Queen,https://lichess.org/aXVvBG9R/black#Some(59),,"['crushing', 'endgame', 'fork', 'Rook', 'Queen']",5
wcSRS,r3n2r/pp3N2/3pR3/1kp5/7p/2P5/P5PP/3R2K1 b - - 7 31,h8h7 e6e8 a8e8 f7d6 b5a4 d6e8,1906,76,91,1414,advantage attraction capturingDefender endgame fork long Rook Knight,https://lichess.org/fQjl7jX9/black#Some(61),,"['advantage', 'attraction', 'capturingDefender', 'endgame', 'fork', 'Rook', 'Knight']",7
sgypy,1Q6/4kpp1/4p3/8/1b1P4/3BP2P/q2BKPP1/3r4 w - - 0 27,e2f3 a2d5 d3e4 d5h5 g2g4 h5h3,1943,75,93,2179,crushing deflection endgame long Queen,https://lichess.org/eDlNCzb2#Some(52),,"['crushing', 'deflection', 'endgame', 'Queen']",4
GMoty,3rk2r/pp1nbppp/1q2pn2/3pNPB1/Q2P4/2N5/PP4PP/R4RK1 b k - 2 15,e8g8 e5d7 d8d7 g5f6 e7f6 a4d7,1887,75,95,3836,capturingDefender crushing fork long middlegame Knight Bishop Queen,https://lichess.org/N1P23GEy/black#Some(29),Caro-Kann_Defense Caro-Kann_Defense_Other_variations,"['capturingDefender', 'crushing', 'fork', 'middlegame', 'Knight', 'Bishop', 'Queen']",7
ItCGu,r5k1/1p1n1ppp/1qnBp3/3pP3/3P4/2P2Q2/Pp4PP/RN3R1K b - - 1 18,b2a1q f3f7 g8h8 d6f8 d7f8 f7f8 a8f8 f1f8,1975,80,91,1862,backRankMate fork mate mateIn4 middlegame sacrifice veryLong Queen Bishop Rook,https://lichess.org/9pdTQGqs/black#Some(35),Nimzo-Larsen_Attack Nimzo-Larsen_Attack_English_Variation,"['fork', 'mateIn4', 'middlegame', 'sacrifice', 'Queen', 'Bishop', 'Rook']",7
MU7ky,rn1q1rk1/ppp2ppp/8/3P1n2/1b4P1/5N2/PB3P1P/RN1Q1RK1 b - - 0 13,f5h4 f3h4 d8h4 d1d4,1902,75,90,1666,advantage opening short Knight Queen,https://lichess.org/ID0tHDXn/black#Some(25),Queens_Gambit_Accepted Queens_Gambit_Accepted_Old_Variation,"['advantage', 'opening', 'Knight', 'Queen']",4
ranh3,8/4k3/4P1Rp/p7/P3K3/2p3P1/1r6/8 w - - 0 41,e4e5 b2e2 e5d4 c3c2,1959,77,96,6348,advancedPawn crushing endgame rookEndgame short Rook Pawn,https://lichess.org/b9EUbhkH#Some(80),,"['advancedPawn', 'crushing', 'endgame', 'Rook', 'Pawn']",5
xoWDA,r2k1b1r/pppnnBpp/8/4NQ2/8/2B5/P1P2PPP/4R1K1 b - - 0 20,e7f5 e5c6 b7c6 e1e8,1905,76,95,12603,clearance mate mateIn2 middlegame sacrifice short Knight Rook,https://lichess.org/nF0ZjaS0/black#Some(39),,"['clearance', 'mateIn2', 'middlegame', 'sacrifice', 'Knight', 'Rook']",6
asG2p,4rrk1/ppp2p2/3b2pp/3p4/3Pnq2/2P2N1P/PPQN1PK1/RB4R1 w - - 5 17,g1e1 e4d2 c2d2 f4d2 f3d2 e8e1,1914,76,95,6050,capturingDefender crushing long middlegame Knight Queen Rook,https://lichess.org/6hbq8ucV#Some(32),French_Defense French_Defense_Exchange_Variation,"['capturingDefender', 'crushing', 'middlegame', 'Knight', 'Queen', 'Rook']",6
O4vbv,4r1k1/ppn2qpp/2p1br2/8/1P1NQ3/P1N1R3/2P2PPP/4R1K1 w - - 6 21,e4h4 f6f4 h4g3 f4d4,1891,75,95,8204,advantage interference middlegame short Rook,https://lichess.org/wb1A48bS#Some(40),,"['advantage', 'interference', 'middlegame', 'Rook']",4
RqL9t,rn1q2k1/pp6/2p4p/3p1p2/3PnNr1/2B1RQ2/PPP3PP/R5K1 b - - 2 19,d8g5 f4e6 g5g6 e6c7 b8d7 c7a8,1917,75,92,1723,advantage long middlegame trappedPiece Knight,https://lichess.org/nzRQ3atd/black#Some(37),French_Defense French_Defense_Knight_Variation,"['advantage', 'middlegame', 'trappedPiece', 'Knight']",4
YHkR7,4r1k1/5pp1/p5b1/2P1q3/3R2Pp/1P2rB1P/P4QK1/3R4 w - - 2 33,d4d8 e3f3 f2f3 g6e4 d8e8 e5e8,1986,75,95,13639,advantage long middlegame pin sacrifice Rook Bishop Queen,https://lichess.org/pzNCsot5#Some(64),,"['advantage', 'middlegame', 'pin', 'sacrifice', 'Rook', 'Bishop', 'Queen']",7
SKFnZ,1rb2r1k/pp3ppn/3p4/3NpP2/2B1P2P/3PK3/PPP5/6R1 b - - 0 23,f7f6 d5e7 g7g5 f5g6,1950,76,91,1439,advantage enPassant middlegame short Knight Pawn,https://lichess.org/o4XihdH6/black#Some(45),,"['advantage', 'enPassant', 'middlegame', 'Knight', 'Pawn']",5
FI6xR,4r2k/p4b1p/6p1/2p1r3/3QPp1q/1PN2Pn1/P3B1PP/2RR2K1 w - - 0 27,d4f2 h4h2 g1h2 e5h5 h2g1 h5h1,1954,75,94,6993,attraction kingsideAttack long mate mateIn3 middlegame sacrifice Queen Rook,https://lichess.org/mDrcQhu9#Some(52),,"['attraction', 'kingsideAttack', 'mateIn3', 'middlegame', 'sacrifice', 'Queen', 'Rook']",7
GIrue,r5k1/p3qrpp/1p1p4/2pN1bRP/5P2/8/PPP2Q2/2K3R1 b - - 5 23,e7e4 g5g7 f7g7 d5f6 g8f7 f6e4,1919,74,94,10275,advantage fork long middlegame sacrifice Rook Knight,https://lichess.org/jhML51Ty/black#Some(45),,"['advantage', 'fork', 'middlegame', 'sacrifice', 'Rook', 'Knight']",6
q1S2Y,r1b2r2/3nppk1/p2p2pp/1q6/1p2P3/5N1P/PPB2PP1/R2QR1K1 b - - 3 19,c8b7 c2a4 b5b6 a4d7,1967,73,95,13240,advantage middlegame short skewer Bishop,https://lichess.org/uwkZl4ry/black#Some(37),Sicilian_Defense Sicilian_Defense_Nyezhmetdinov-Rossolimo_Attack,"['advantage', 'middlegame', 'skewer', 'Bishop']",4
ATr3T,8/p5qk/4Q2n/1pp1PP1p/8/2Pr1R1P/PP4PK/8 b - - 2 31,d3d2 f3g3 g7f7 e6f7 h6f7 e5e6,1988,74,93,4187,advantage endgame exposedKing long Rook Queen Pawn,https://lichess.org/ZSMeg0nG/black#Some(61),,"['advantage', 'endgame', 'exposedKing', 'Rook', 'Queen', 'Pawn']",6
RZTf9,r2k1b1r/pp1np1p1/2p1p3/3p3p/3Pn2P/1Q3N2/P1P2PP1/qNB2RK1 b - - 5 14,c6c5 c1b2 c5c4 b3a3 a1b2 a3b2,1885,76,93,3624,advantage long middlegame trappedPiece Bishop Queen,https://lichess.org/y8pitByY/black#Some(27),Caro-Kann_Defense Caro-Kann_Defense_Advance_Variation,"['advantage', 'middlegame', 'trappedPiece', 'Bishop', 'Queen']",5
LB9Zm,2r3k1/1rq2p1p/5Qp1/1p1Pp1PP/2n5/3BB3/PpP5/1K1R1R2 w - - 1 32,h5h6 c4a3 b1b2 c7c3 b2c1 c3c2 d3c2 c8c2,1936,75,92,1330,mate mateIn4 middlegame queensideAttack sacrifice veryLong Knight Queen Rook,https://lichess.org/oEkPY9qk#Some(62),,"['mateIn4', 'middlegame', 'queensideAttack', 'sacrifice', 'Knight', 'Queen', 'Rook']",7
4nBe9,r4rk1/pb3ppp/1p2p3/2q5/2n4N/3B3R/P1P2PPP/R2Q2K1 b - - 1 18,c4b2 d3h7 g8h7 h4f5 h7g8 d1h5,1928,77,90,2000,crushing discoveredAttack kingsideAttack long middlegame sacrifice Bishop Knight Queen,https://lichess.org/qipsjsnE/black#Some(35),Sicilian_Defense Sicilian_Defense_Sozin_Attack,"['crushing', 'discoveredAttack', 'kingsideAttack', 'middlegame', 'sacrifice', 'Bishop', 'Knight', 'Queen']",8
c698n,2kr1b1r/ppp5/4bp2/n2qp1pp/8/P2P1NPP/1PQBPPB1/2KR3R w - - 0 14,f3g5 a5b3 c1b1 b3d2,1977,76,88,1125,crushing deflection middlegame queensideAttack short Knight,https://lichess.org/S3JecIZq#Some(26),English_Opening English_Opening_Kings_English_Variation,"['crushing', 'deflection', 'middlegame', 'queensideAttack', 'Knight']",5
33eJF,6k1/5p1p/2b1p1p1/8/p1pNP3/rnN2PKP/1R4P1/8 b - - 5 42,c6e8 d4c2 a3a1 c2a1,1926,75,91,1173,advantage endgame short trappedPiece Knight,https://lichess.org/gNGWKhES/black#Some(83),,"['advantage', 'endgame', 'trappedPiece', 'Knight']",4
JfBS5,r3k2r/p1pp1ppp/1p2p3/4P3/3PP3/6P1/PP2Q2P/R3KB1q b Qkq - 0 15,h1g1 e1c1 c7c5 f1h3 g1d4 d1d4,1994,76,93,4012,advantage castling endgame long trappedPiece King Bishop Rook,https://lichess.org/JgKVegAb/black#Some(29),French_Defense French_Defense_Knight_Variation,"['advantage', 'castling', 'endgame', 'trappedPiece', 'King', 'Bishop', 'Rook']",7
ivglI,8/P2R4/1P6/3P4/6p1/r7/5kPK/8 w - - 2 45,b6b7 a3h3 g2h3 g4g3 h2h1 g3g2 h1h2 g2g1q,1887,75,96,7374,advancedPawn endgame mate mateIn4 promotion rookEndgame sacrifice veryLong Rook Pawn,https://lichess.org/CxctaNBD#Some(88),,"['advancedPawn', 'endgame', 'mateIn4', 'promotion', 'sacrifice', 'Rook', 'Pawn']",7
aqkne,3r2k1/1pRr1pbp/1p4p1/8/3p4/1P4PP/P2B1P2/2R3K1 b - - 3 24,g8f8 d2b4 f8g8 c7d7 d8d7 c1c8,1932,76,94,6418,clearance crushing endgame long Bishop Rook,https://lichess.org/MnfTXRCU/black#Some(47),,"['clearance', 'crushing', 'endgame', 'Bishop', 'Rook']",5
